{
  "n_reports": 385288,
  "n_drug_rows": 1927042,
  "n_reaction_rows": 1349106,
  "serious_rate": 0.5666877764166026,
  "fatal_rate": 0.06823726666805091
}